ClockTicks,UTC-ISO8601,Date,local Time,TWD,TWS,smoothed TWD,smoothed TWS
1569172905123,2019-09-22T17:21:45Z,9/22/2019,7:21:45 PM,347,27.9,353,22.7
1569172910014,2019-09-22T17:21:50Z,9/22/2019,7:21:50 PM,350,27.7,353,22.7
1569172920432,2019-09-22T17:22:00Z,9/22/2019,7:22:00 PM,345,26.9,353,22.7
1569172925327,2019-09-22T17:22:05Z,9/22/2019,7:22:05 PM,348,27.2,353,22.8
1569172925881,2019-09-22T17:22:05Z,9/22/2019,7:22:05 PM,348,27.2,353,22.8
1569172930217,2019-09-22T17:22:10Z,9/22/2019,7:22:10 PM,350,23.2,352,22.9
1569172935168,2019-09-22T17:22:15Z,9/22/2019,7:22:15 PM,349,23.0,352,22.9
1569172940223,2019-09-22T17:22:20Z,9/22/2019,7:22:20 PM,346,21.8,352,22.8
1569172945178,2019-09-22T17:22:25Z,9/22/2019,7:22:25 PM,357,24.1,352,22.8
1569172950220,2019-09-22T17:22:30Z,9/22/2019,7:22:30 PM,351,20.8,351,22.9
1569172955181,2019-09-22T17:22:35Z,9/22/2019,7:22:35 PM,335,21.4,351,23.0
1569172960164,2019-09-22T17:22:40Z,9/22/2019,7:22:40 PM,347,23.8,351,22.9
1569172965160,2019-09-22T17:22:45Z,9/22/2019,7:22:45 PM,341,27.2,351,22.8
1569172970198,2019-09-22T17:22:50Z,9/22/2019,7:22:50 PM,355,24.4,351,22.9
1569172975221,2019-09-22T17:22:55Z,9/22/2019,7:22:55 PM,361,28.6,350,23.0
1569172980230,2019-09-22T17:23:00Z,9/22/2019,7:23:00 PM,348,26.7,350,23.0
1569172985227,2019-09-22T17:23:05Z,9/22/2019,7:23:05 PM,347,23.1,350,23.1
1569172990207,2019-09-22T17:23:10Z,9/22/2019,7:23:10 PM,345,24.7,350,23.1
1569172995232,2019-09-22T17:23:15Z,9/22/2019,7:23:15 PM,354,28.0,350,23.0
1569173000372,2019-09-22T17:23:20Z,9/22/2019,7:23:20 PM,350,26.9,349,23.1
1569173005174,2019-09-22T17:23:25Z,9/22/2019,7:23:25 PM,352,20.9,349,23.1
1569173010074,2019-09-22T17:23:30Z,9/22/2019,7:23:30 PM,341,25.6,349,23.1
1569173010885,2019-09-22T17:23:30Z,9/22/2019,7:23:30 PM,343,22.3,349,23.1
1569173015923,2019-09-22T17:23:35Z,9/22/2019,7:23:35 PM,358,18.0,349,23.1
1569173020920,2019-09-22T17:23:40Z,9/22/2019,7:23:40 PM,363,19.9,349,23.0
1569173025224,2019-09-22T17:23:45Z,9/22/2019,7:23:45 PM,355,19.3,349,22.9
1569173030019,2019-09-22T17:23:50Z,9/22/2019,7:23:50 PM,361,26.2,349,22.8
1569173035204,2019-09-22T17:23:55Z,9/22/2019,7:23:55 PM,356,24.4,349,23.0
1569173040310,2019-09-22T17:24:00Z,9/22/2019,7:24:00 PM,354,30.0,350,23.1
1569173045049,2019-09-22T17:24:05Z,9/22/2019,7:24:05 PM,363,27.7,350,23.2
1569173050062,2019-09-22T17:24:10Z,9/22/2019,7:24:10 PM,355,16.3,350,23.2
1569173050982,2019-09-22T17:24:10Z,9/22/2019,7:24:10 PM,358,17.1,350,23.2
1569173055045,2019-09-22T17:24:15Z,9/22/2019,7:24:15 PM,339,22.1,350,23.3
1569173060173,2019-09-22T17:24:20Z,9/22/2019,7:24:20 PM,346,25.8,350,23.3
1569173065251,2019-09-22T17:24:25Z,9/22/2019,7:24:25 PM,363,26.1,350,23.4
1569173065921,2019-09-22T17:24:25Z,9/22/2019,7:24:25 PM,353,27.9,350,23.5
1569173070223,2019-09-22T17:24:30Z,9/22/2019,7:24:30 PM,354,29.3,350,23.5
1569173075359,2019-09-22T17:24:35Z,9/22/2019,7:24:35 PM,363,27.4,350,23.6
1569173080247,2019-09-22T17:24:40Z,9/22/2019,7:24:40 PM,363,29.3,351,23.6
1569173085341,2019-09-22T17:24:45Z,9/22/2019,7:24:45 PM,348,26.6,351,23.7
1569173090911,2019-09-22T17:24:50Z,9/22/2019,7:24:50 PM,362,26.9,351,23.8
1569173095911,2019-09-22T17:24:55Z,9/22/2019,7:24:55 PM,356,30.8,351,23.8
1569173100928,2019-09-22T17:25:00Z,9/22/2019,7:25:00 PM,338,26.6,351,24.0
1569173105911,2019-09-22T17:25:05Z,9/22/2019,7:25:05 PM,344,30.0,351,24.1
1569173110911,2019-09-22T17:25:10Z,9/22/2019,7:25:10 PM,350,21.5,351,24.2
1569173115912,2019-09-22T17:25:15Z,9/22/2019,7:25:15 PM,347,23.8,350,24.1
1569173120912,2019-09-22T17:25:20Z,9/22/2019,7:25:20 PM,351,23.2,350,24.1
1569173125222,2019-09-22T17:25:25Z,9/22/2019,7:25:25 PM,338,21.7,350,24.1
1569173130948,2019-09-22T17:25:30Z,9/22/2019,7:25:30 PM,349,26.1,350,24.1
1569173135947,2019-09-22T17:25:35Z,9/22/2019,7:25:35 PM,344,27.9,350,24.1
1569173140930,2019-09-22T17:25:40Z,9/22/2019,7:25:40 PM,344,26.0,350,24.2
1569173145947,2019-09-22T17:25:45Z,9/22/2019,7:25:45 PM,353,22.1,349,24.1
1569173150911,2019-09-22T17:25:50Z,9/22/2019,7:25:50 PM,351,21.6,350,24.0
1569173155944,2019-09-22T17:25:55Z,9/22/2019,7:25:55 PM,357,20.8,350,24.0
1569173160937,2019-09-22T17:26:00Z,9/22/2019,7:26:00 PM,346,22.3,350,23.8
1569173170957,2019-09-22T17:26:10Z,9/22/2019,7:26:10 PM,346,25.0,350,23.8
1569173175940,2019-09-22T17:26:15Z,9/22/2019,7:26:15 PM,354,23.5,350,23.9
1569173180949,2019-09-22T17:26:20Z,9/22/2019,7:26:20 PM,339,22.4,350,23.9
1569173185934,2019-09-22T17:26:25Z,9/22/2019,7:26:25 PM,337,20.4,350,23.8
1569173190947,2019-09-22T17:26:30Z,9/22/2019,7:26:30 PM,340,22.7,350,23.9
1569173195913,2019-09-22T17:26:35Z,9/22/2019,7:26:35 PM,345,24.5,350,23.9
1569173200921,2019-09-22T17:26:40Z,9/22/2019,7:26:40 PM,338,23.6,349,23.8
1569173205924,2019-09-22T17:26:45Z,9/22/2019,7:26:45 PM,351,23.4,349,23.8
1569173215613,2019-09-22T17:26:55Z,9/22/2019,7:26:55 PM,340,17.3,348,23.8
1569173220921,2019-09-22T17:27:00Z,9/22/2019,7:27:00 PM,345,23.1,348,23.8
1569173225911,2019-09-22T17:27:05Z,9/22/2019,7:27:05 PM,335,19.3,347,23.8
1569173230911,2019-09-22T17:27:10Z,9/22/2019,7:27:10 PM,349,22.2,347,23.7
1569173235932,2019-09-22T17:27:15Z,9/22/2019,7:27:15 PM,341,24.9,346,23.6
1569173240917,2019-09-22T17:27:20Z,9/22/2019,7:27:20 PM,349,25.8,346,23.6
1569173245942,2019-09-22T17:27:25Z,9/22/2019,7:27:25 PM,344,25.3,345,23.6
1569173250920,2019-09-22T17:27:30Z,9/22/2019,7:27:30 PM,352,24.4,345,23.7
1569173255911,2019-09-22T17:27:35Z,9/22/2019,7:27:35 PM,347,25.2,345,23.6
1569173260912,2019-09-22T17:27:40Z,9/22/2019,7:27:40 PM,346,21.1,345,23.7
1569173265914,2019-09-22T17:27:45Z,9/22/2019,7:27:45 PM,355,23.5,345,23.6
1569173270951,2019-09-22T17:27:50Z,9/22/2019,7:27:50 PM,345,26.3,345,23.5
1569173275919,2019-09-22T17:27:55Z,9/22/2019,7:27:55 PM,337,20.1,344,23.5
1569173280938,2019-09-22T17:28:00Z,9/22/2019,7:28:00 PM,339,23.4,344,23.3
1569173285912,2019-09-22T17:28:05Z,9/22/2019,7:28:05 PM,332,24.0,344,23.3
1569173290943,2019-09-22T17:28:10Z,9/22/2019,7:28:10 PM,324,24.4,343,23.3
1569173295946,2019-09-22T17:28:15Z,9/22/2019,7:28:15 PM,346,29.1,343,23.3
1569173300921,2019-09-22T17:28:20Z,9/22/2019,7:28:20 PM,346,24.3,343,23.4
1569173305925,2019-09-22T17:28:25Z,9/22/2019,7:28:25 PM,314,21.2,343,23.5
1569173310941,2019-09-22T17:28:30Z,9/22/2019,7:28:30 PM,341,28.0,343,23.5
1569173315925,2019-09-22T17:28:35Z,9/22/2019,7:28:35 PM,364,25.2,342,23.4
1569173320962,2019-09-22T17:28:40Z,9/22/2019,7:28:40 PM,339,24.5,342,23.2
1569173325933,2019-09-22T17:28:45Z,9/22/2019,7:28:45 PM,351,17.4,342,23.2
1569173330939,2019-09-22T17:28:50Z,9/22/2019,7:28:50 PM,343,14.9,342,23.0
1569173335951,2019-09-22T17:28:55Z,9/22/2019,7:28:55 PM,332,17.1,343,22.9
1569173340922,2019-09-22T17:29:00Z,9/22/2019,7:29:00 PM,341,20.4,343,23.0
1569173345910,2019-09-22T17:29:05Z,9/22/2019,7:29:05 PM,350,23.1,343,23.0
1569173350912,2019-09-22T17:29:10Z,9/22/2019,7:29:10 PM,339,23.9,344,23.0
1569173355919,2019-09-22T17:29:15Z,9/22/2019,7:29:15 PM,363,25.0,344,23.0
1569173360920,2019-09-22T17:29:20Z,9/22/2019,7:29:20 PM,350,20.1,344,22.8
1569173365963,2019-09-22T17:29:25Z,9/22/2019,7:29:25 PM,338,15.7,344,22.8
1569173370925,2019-09-22T17:29:30Z,9/22/2019,7:29:30 PM,334,21.3,344,22.7
1569173375912,2019-09-22T17:29:35Z,9/22/2019,7:29:35 PM,338,20.9,344,22.7
1569173380912,2019-09-22T17:29:40Z,9/22/2019,7:29:40 PM,345,18.1,344,22.6
1569173385912,2019-09-22T17:29:45Z,9/22/2019,7:29:45 PM,346,24.7,344,22.6
1569173390911,2019-09-22T17:29:50Z,9/22/2019,7:29:50 PM,356,21.6,345,22.6
1569173395911,2019-09-22T17:29:55Z,9/22/2019,7:29:55 PM,341,21.2,345,22.6
1569173405942,2019-09-22T17:30:05Z,9/22/2019,7:30:05 PM,351,27.6,345,22.5
1569173410938,2019-09-22T17:30:10Z,9/22/2019,7:30:10 PM,329,20.3,345,22.5
1569173415938,2019-09-22T17:30:15Z,9/22/2019,7:30:15 PM,353,21.7,344,22.5
1569173420929,2019-09-22T17:30:20Z,9/22/2019,7:30:20 PM,347,19.9,345,22.5
1569173425949,2019-09-22T17:30:25Z,9/22/2019,7:30:25 PM,350,22.4,345,22.6
1569173430927,2019-09-22T17:30:30Z,9/22/2019,7:30:30 PM,348,21.3,345,22.7
1569173435925,2019-09-22T17:30:35Z,9/22/2019,7:30:35 PM,336,26.7,346,22.9
1569173440948,2019-09-22T17:30:40Z,9/22/2019,7:30:40 PM,343,18.2,346,23.0
1569173445926,2019-09-22T17:30:45Z,9/22/2019,7:30:45 PM,350,24.8,346,23.1
1569173450928,2019-09-22T17:30:50Z,9/22/2019,7:30:50 PM,347,26.6,346,23.2
1569173455943,2019-09-22T17:30:55Z,9/22/2019,7:30:55 PM,350,25.4,346,23.3
1569173460921,2019-09-22T17:31:00Z,9/22/2019,7:31:00 PM,348,24.3,346,23.4
1569173465069,2019-09-22T17:31:05Z,9/22/2019,7:31:05 PM,353,21.7,346,23.5
1569173470936,2019-09-22T17:31:10Z,9/22/2019,7:31:10 PM,356,22.6,346,23.4
1569173475929,2019-09-22T17:31:15Z,9/22/2019,7:31:15 PM,349,23.6,347,23.4
1569173480931,2019-09-22T17:31:20Z,9/22/2019,7:31:20 PM,345,24.4,347,23.5
1569173485955,2019-09-22T17:31:25Z,9/22/2019,7:31:25 PM,358,22.2,347,23.5
1569173490932,2019-09-22T17:31:30Z,9/22/2019,7:31:30 PM,336,22.7,347,23.5
1569173495940,2019-09-22T17:31:35Z,9/22/2019,7:31:35 PM,349,25.3,347,23.5
1569173500952,2019-09-22T17:31:40Z,9/22/2019,7:31:40 PM,344,22.8,347,23.4
1569173505953,2019-09-22T17:31:45Z,9/22/2019,7:31:45 PM,338,18.4,347,23.4
1569173510930,2019-09-22T17:31:50Z,9/22/2019,7:31:50 PM,347,21.6,347,23.3
1569173515941,2019-09-22T17:31:55Z,9/22/2019,7:31:55 PM,346,19.1,346,23.2
1569173520946,2019-09-22T17:32:00Z,9/22/2019,7:32:00 PM,339,12.3,346,23.1
1569173525969,2019-09-22T17:32:05Z,9/22/2019,7:32:05 PM,342,17.3,346,22.9
1569173530955,2019-09-22T17:32:10Z,9/22/2019,7:32:10 PM,353,17.7,346,22.8
1569173535954,2019-09-22T17:32:15Z,9/22/2019,7:32:15 PM,349,19.5,346,22.6
1569173540961,2019-09-22T17:32:20Z,9/22/2019,7:32:20 PM,356,21.4,346,22.5
1569173545958,2019-09-22T17:32:25Z,9/22/2019,7:32:25 PM,351,21.5,346,22.5
1569173550965,2019-09-22T17:32:30Z,9/22/2019,7:32:30 PM,345,19.9,346,22.3
1569173555955,2019-09-22T17:32:35Z,9/22/2019,7:32:35 PM,344,19.8,346,22.2
1569173560937,2019-09-22T17:32:40Z,9/22/2019,7:32:40 PM,341,18.5,346,22.0
1569173565949,2019-09-22T17:32:45Z,9/22/2019,7:32:45 PM,347,21.8,345,21.8
1569173570970,2019-09-22T17:32:50Z,9/22/2019,7:32:50 PM,320,6.3,345,21.9
1569173575955,2019-09-22T17:32:55Z,9/22/2019,7:32:55 PM,332,22.2,345,21.7
1569173585975,2019-09-22T17:33:05Z,9/22/2019,7:33:05 PM,358,21.8,345,21.8
1569173595984,2019-09-22T17:33:15Z,9/22/2019,7:33:15 PM,331,17.7,345,21.9
1569173600988,2019-09-22T17:33:20Z,9/22/2019,7:33:20 PM,331,25.4,345,22.0
1569173605978,2019-09-22T17:33:25Z,9/22/2019,7:33:25 PM,354,26.4,344,21.9
1569173610097,2019-09-22T17:33:30Z,9/22/2019,7:33:30 PM,347,27.0,345,22.0
1569173615025,2019-09-22T17:33:35Z,9/22/2019,7:33:35 PM,358,27.1,344,21.9
1569173615996,2019-09-22T17:33:35Z,9/22/2019,7:33:35 PM,337,23.0,345,22.0
1569173620982,2019-09-22T17:33:40Z,9/22/2019,7:33:40 PM,349,23.5,345,22.1
1569173625429,2019-09-22T17:33:45Z,9/22/2019,7:33:45 PM,357,22.5,345,22.1
1569173630432,2019-09-22T17:33:50Z,9/22/2019,7:33:50 PM,349,16.3,345,22.1
1569173635049,2019-09-22T17:33:55Z,9/22/2019,7:33:55 PM,330,22.6,345,22.0
1569173640050,2019-09-22T17:34:00Z,9/22/2019,7:34:00 PM,349,25.8,345,21.9
1569173645048,2019-09-22T17:34:05Z,9/22/2019,7:34:05 PM,355,25.0,345,21.8
1569173650024,2019-09-22T17:34:10Z,9/22/2019,7:34:10 PM,351,20.3,345,21.7
1569173655015,2019-09-22T17:34:15Z,9/22/2019,7:34:15 PM,346,21.4,345,21.7
1569173660027,2019-09-22T17:34:20Z,9/22/2019,7:34:20 PM,347,21.1,345,21.8
1569173660998,2019-09-22T17:34:20Z,9/22/2019,7:34:20 PM,358,20.2,345,21.8
1569173670027,2019-09-22T17:34:30Z,9/22/2019,7:34:30 PM,319,5.8,346,21.7
1569173675000,2019-09-22T17:34:35Z,9/22/2019,7:34:35 PM,352,23.9,346,21.6
1569173680123,2019-09-22T17:34:40Z,9/22/2019,7:34:40 PM,346,23.5,346,21.8
1569173685005,2019-09-22T17:34:45Z,9/22/2019,7:34:45 PM,349,27.2,346,21.9
1569173690033,2019-09-22T17:34:50Z,9/22/2019,7:34:50 PM,339,22.5,346,22.0
1569173695019,2019-09-22T17:34:55Z,9/22/2019,7:34:55 PM,343,20.7,346,22.2
1569173700019,2019-09-22T17:35:00Z,9/22/2019,7:35:00 PM,348,24.3,346,22.3
1569173705098,2019-09-22T17:35:05Z,9/22/2019,7:35:05 PM,353,30.9,346,22.3
1569173710010,2019-09-22T17:35:10Z,9/22/2019,7:35:10 PM,355,26.6,346,22.4
1569173715960,2019-09-22T17:35:15Z,9/22/2019,7:35:15 PM,340,28.4,346,22.5
1569173720967,2019-09-22T17:35:20Z,9/22/2019,7:35:20 PM,346,24.2,346,22.6
1569173725971,2019-09-22T17:35:25Z,9/22/2019,7:35:25 PM,346,22.2,346,22.7
1569173730962,2019-09-22T17:35:30Z,9/22/2019,7:35:30 PM,341,26.7,346,22.7
1569173740912,2019-09-22T17:35:40Z,9/22/2019,7:35:40 PM,345,20.4,347,22.7
1569173745911,2019-09-22T17:35:45Z,9/22/2019,7:35:45 PM,342,25.6,347,22.6
1569173750921,2019-09-22T17:35:50Z,9/22/2019,7:35:50 PM,355,19.9,347,22.5
1569173755972,2019-09-22T17:35:55Z,9/22/2019,7:35:55 PM,351,24.1,347,22.5
1569173760993,2019-09-22T17:36:00Z,9/22/2019,7:36:00 PM,354,20.9,347,22.5
1569173765005,2019-09-22T17:36:05Z,9/22/2019,7:36:05 PM,345,19.5,347,22.4
1569173770984,2019-09-22T17:36:10Z,9/22/2019,7:36:10 PM,339,20.6,347,22.3
1569173775000,2019-09-22T17:36:15Z,9/22/2019,7:36:15 PM,352,19.8,347,22.2
1569173780003,2019-09-22T17:36:20Z,9/22/2019,7:36:20 PM,347,18.5,348,22.1
1569173785998,2019-09-22T17:36:25Z,9/22/2019,7:36:25 PM,344,18.4,348,22.0
1569173790010,2019-09-22T17:36:30Z,9/22/2019,7:36:30 PM,347,22.6,348,21.9
1569173800045,2019-09-22T17:36:40Z,9/22/2019,7:36:40 PM,328,22.8,348,21.8
1569173805998,2019-09-22T17:36:45Z,9/22/2019,7:36:45 PM,335,18.4,347,21.7
1569173820990,2019-09-22T17:37:00Z,9/22/2019,7:37:00 PM,335,25.1,347,21.7
1569173825018,2019-09-22T17:37:05Z,9/22/2019,7:37:05 PM,345,25.4,347,21.7
1569173830012,2019-09-22T17:37:10Z,9/22/2019,7:37:10 PM,336,22.6,347,21.9
1569173830998,2019-09-22T17:37:10Z,9/22/2019,7:37:10 PM,343,19.5,347,21.9
1569173835990,2019-09-22T17:37:15Z,9/22/2019,7:37:15 PM,337,21.5,347,22.0
1569173845911,2019-09-22T17:37:25Z,9/22/2019,7:37:25 PM,357,24.8,347,22.1
1569173850912,2019-09-22T17:37:30Z,9/22/2019,7:37:30 PM,353,19.1,347,22.3
1569173855927,2019-09-22T17:37:35Z,9/22/2019,7:37:35 PM,355,24.1,347,22.4
1569173860564,2019-09-22T17:37:40Z,9/22/2019,7:37:40 PM,353,25.0,347,22.5
1569173865031,2019-09-22T17:37:45Z,9/22/2019,7:37:45 PM,348,26.9,347,22.7
1569173870004,2019-09-22T17:37:50Z,9/22/2019,7:37:50 PM,360,26.5,348,22.8
1569173875032,2019-09-22T17:37:55Z,9/22/2019,7:37:55 PM,358,23.1,348,22.8
1569173880020,2019-09-22T17:38:00Z,9/22/2019,7:38:00 PM,352,25.2,348,22.8
1569173885049,2019-09-22T17:38:05Z,9/22/2019,7:38:05 PM,349,23.0,348,23.0
1569173890016,2019-09-22T17:38:10Z,9/22/2019,7:38:10 PM,356,21.9,348,23.1
1569173895028,2019-09-22T17:38:15Z,9/22/2019,7:38:15 PM,347,26.7,348,23.2
1569173900169,2019-09-22T17:38:20Z,9/22/2019,7:38:20 PM,357,27.6,348,23.3
1569173905034,2019-09-22T17:38:25Z,9/22/2019,7:38:25 PM,352,26.1,348,23.3
1569173910064,2019-09-22T17:38:30Z,9/22/2019,7:38:30 PM,350,22.9,348,23.4
1569173915047,2019-09-22T17:38:35Z,9/22/2019,7:38:35 PM,345,22.2,348,23.4
1569173920065,2019-09-22T17:38:40Z,9/22/2019,7:38:40 PM,347,20.8,348,23.5
1569173925917,2019-09-22T17:38:45Z,9/22/2019,7:38:45 PM,355,21.8,348,23.5
1569173930936,2019-09-22T17:38:50Z,9/22/2019,7:38:50 PM,348,24.9,348,23.6
1569173935072,2019-09-22T17:38:55Z,9/22/2019,7:38:55 PM,336,26.3,348,23.6
1569173940042,2019-09-22T17:39:00Z,9/22/2019,7:39:00 PM,352,25.1,348,23.6
1569173945060,2019-09-22T17:39:05Z,9/22/2019,7:39:05 PM,349,27.9,348,23.6
1569173950056,2019-09-22T17:39:10Z,9/22/2019,7:39:10 PM,351,26.4,348,23.6
1569173955060,2019-09-22T17:39:15Z,9/22/2019,7:39:15 PM,344,23.8,348,23.6
1569173960048,2019-09-22T17:39:20Z,9/22/2019,7:39:20 PM,355,25.5,348,23.5
1569173965217,2019-09-22T17:39:25Z,9/22/2019,7:39:25 PM,346,19.0,347,23.4
1569173970062,2019-09-22T17:39:30Z,9/22/2019,7:39:30 PM,339,26.5,347,23.3
1569173975222,2019-09-22T17:39:35Z,9/22/2019,7:39:35 PM,340,24.3,347,23.3
1569173980070,2019-09-22T17:39:40Z,9/22/2019,7:39:40 PM,329,23.5,347,23.4
1569173985013,2019-09-22T17:39:45Z,9/22/2019,7:39:45 PM,359,30.4,346,23.4
1569173990030,2019-09-22T17:39:50Z,9/22/2019,7:39:50 PM,342,20.5,346,23.3
1569173995040,2019-09-22T17:39:55Z,9/22/2019,7:39:55 PM,350,23.6,347,23.3
1569173995936,2019-09-22T17:39:55Z,9/22/2019,7:39:55 PM,341,20.0,347,23.3
1569174000938,2019-09-22T17:40:00Z,9/22/2019,7:40:00 PM,345,25.0,347,23.3
1569174005058,2019-09-22T17:40:05Z,9/22/2019,7:40:05 PM,343,19.6,347,23.3
1569174010036,2019-09-22T17:40:10Z,9/22/2019,7:40:10 PM,340,28.7,347,23.2
1569174015106,2019-09-22T17:40:15Z,9/22/2019,7:40:15 PM,352,23.6,347,23.3
1569174020928,2019-09-22T17:40:20Z,9/22/2019,7:40:20 PM,343,17.6,346,23.2
1569174025938,2019-09-22T17:40:25Z,9/22/2019,7:40:25 PM,347,21.0,346,23.2
1569174030953,2019-09-22T17:40:30Z,9/22/2019,7:40:30 PM,347,21.2,346,23.1
1569174035032,2019-09-22T17:40:35Z,9/22/2019,7:40:35 PM,334,18.4,346,23.1
1569174040049,2019-09-22T17:40:40Z,9/22/2019,7:40:40 PM,341,21.1,345,23.0
1569174045056,2019-09-22T17:40:45Z,9/22/2019,7:40:45 PM,347,21.1,345,22.9
1569174050038,2019-09-22T17:40:50Z,9/22/2019,7:40:50 PM,340,19.3,345,22.8
1569174055037,2019-09-22T17:40:55Z,9/22/2019,7:40:55 PM,351,15.1,346,22.7
1569174060108,2019-09-22T17:41:00Z,9/22/2019,7:41:00 PM,335,23.7,346,22.6
1569174065060,2019-09-22T17:41:05Z,9/22/2019,7:41:05 PM,344,22.5,345,22.6
1569174070057,2019-09-22T17:41:10Z,9/22/2019,7:41:10 PM,344,22.1,345,22.7
1569174080034,2019-09-22T17:41:20Z,9/22/2019,7:41:20 PM,332,21.3,345,22.7
1569174085279,2019-09-22T17:41:25Z,9/22/2019,7:41:25 PM,343,22.4,345,22.6
1569174100069,2019-09-22T17:41:40Z,9/22/2019,7:41:40 PM,337,25.2,344,22.7
1569174105056,2019-09-22T17:41:45Z,9/22/2019,7:41:45 PM,348,28.4,343,22.8
1569174110085,2019-09-22T17:41:50Z,9/22/2019,7:41:50 PM,349,16.6,343,22.9
1569174115082,2019-09-22T17:41:55Z,9/22/2019,7:41:55 PM,351,23.9,343,22.9
1569174120092,2019-09-22T17:42:00Z,9/22/2019,7:42:00 PM,347,21.5,343,22.8
1569174125066,2019-09-22T17:42:05Z,9/22/2019,7:42:05 PM,350,23.1,343,22.9
1569174130064,2019-09-22T17:42:10Z,9/22/2019,7:42:10 PM,340,22.1,344,23.0
1569174135076,2019-09-22T17:42:15Z,9/22/2019,7:42:15 PM,351,27.9,344,23.1
1569174140056,2019-09-22T17:42:20Z,9/22/2019,7:42:20 PM,345,29.2,344,23.2
1569174145049,2019-09-22T17:42:25Z,9/22/2019,7:42:25 PM,349,26.2,344,23.3
1569174150106,2019-09-22T17:42:30Z,9/22/2019,7:42:30 PM,352,24.0,344,23.6
1569174155048,2019-09-22T17:42:35Z,9/22/2019,7:42:35 PM,332,23.9,345,23.7
1569174160954,2019-09-22T17:42:40Z,9/22/2019,7:42:40 PM,355,21.9,345,23.6
1569174165951,2019-09-22T17:42:45Z,9/22/2019,7:42:45 PM,343,23.1,345,23.7
1569174170956,2019-09-22T17:42:50Z,9/22/2019,7:42:50 PM,339,26.8,345,23.7
1569174175071,2019-09-22T17:42:55Z,9/22/2019,7:42:55 PM,353,25.5,345,23.8
1569174180065,2019-09-22T17:43:00Z,9/22/2019,7:43:00 PM,348,28.4,345,23.9
1569174185065,2019-09-22T17:43:05Z,9/22/2019,7:43:05 PM,352,23.5,345,23.9
1569174190076,2019-09-22T17:43:10Z,9/22/2019,7:43:10 PM,341,22.4,345,24.0
1569174195049,2019-09-22T17:43:15Z,9/22/2019,7:43:15 PM,345,24.1,345,24.0
1569174200082,2019-09-22T17:43:20Z,9/22/2019,7:43:20 PM,327,30.3,345,24.0
1569174205112,2019-09-22T17:43:25Z,9/22/2019,7:43:25 PM,339,20.3,345,24.0
1569174210082,2019-09-22T17:43:30Z,9/22/2019,7:43:30 PM,331,23.0,345,23.9
1569174215132,2019-09-22T17:43:35Z,9/22/2019,7:43:35 PM,345,21.1,344,23.8
1569174220092,2019-09-22T17:43:40Z,9/22/2019,7:43:40 PM,345,21.6,344,23.8
1569174220971,2019-09-22T17:43:40Z,9/22/2019,7:43:40 PM,343,24.8,344,23.8
1569174225945,2019-09-22T17:43:45Z,9/22/2019,7:43:45 PM,351,20.2,344,23.7
1569174230994,2019-09-22T17:43:50Z,9/22/2019,7:43:50 PM,341,23.4,344,23.6
1569174235068,2019-09-22T17:43:55Z,9/22/2019,7:43:55 PM,349,25.4,344,23.7
1569174240371,2019-09-22T17:44:00Z,9/22/2019,7:44:00 PM,330,22.2,344,23.6
1569174245352,2019-09-22T17:44:05Z,9/22/2019,7:44:05 PM,349,22.4,344,23.6
1569174250348,2019-09-22T17:44:10Z,9/22/2019,7:44:10 PM,332,15.4,344,23.6
1569174255272,2019-09-22T17:44:15Z,9/22/2019,7:44:15 PM,331,26.7,344,23.7
1569174260112,2019-09-22T17:44:20Z,9/22/2019,7:44:20 PM,329,25.0,343,23.8
1569174265123,2019-09-22T17:44:25Z,9/22/2019,7:44:25 PM,336,24.5,343,23.8
1569174270122,2019-09-22T17:44:30Z,9/22/2019,7:44:30 PM,335,22.4,343,23.8
1569174275122,2019-09-22T17:44:35Z,9/22/2019,7:44:35 PM,341,21.8,343,23.9
1569174280154,2019-09-22T17:44:40Z,9/22/2019,7:44:40 PM,329,21.6,343,23.9
1569174285153,2019-09-22T17:44:45Z,9/22/2019,7:44:45 PM,348,31.6,342,23.8
1569174290149,2019-09-22T17:44:50Z,9/22/2019,7:44:50 PM,354,30.0,342,23.9
1569174295147,2019-09-22T17:44:55Z,9/22/2019,7:44:55 PM,334,22.8,342,24.0
1569174300206,2019-09-22T17:45:00Z,9/22/2019,7:45:00 PM,344,24.2,342,24.0
1569174305161,2019-09-22T17:45:05Z,9/22/2019,7:45:05 PM,330,23.8,342,24.1
1569174310176,2019-09-22T17:45:10Z,9/22/2019,7:45:10 PM,350,26.4,342,24.0
1569174315144,2019-09-22T17:45:15Z,9/22/2019,7:45:15 PM,331,28.1,342,24.1
1569174320138,2019-09-22T17:45:20Z,9/22/2019,7:45:20 PM,343,30.2,342,24.2
1569174325008,2019-09-22T17:45:25Z,9/22/2019,7:45:25 PM,343,27.8,342,24.3
1569174335126,2019-09-22T17:45:35Z,9/22/2019,7:45:35 PM,312,27.7,342,24.5
1569174340212,2019-09-22T17:45:40Z,9/22/2019,7:45:40 PM,342,21.0,342,24.5
1569174345095,2019-09-22T17:45:45Z,9/22/2019,7:45:45 PM,343,23.9,342,24.5
1569174350143,2019-09-22T17:45:50Z,9/22/2019,7:45:50 PM,352,26.1,342,24.5
1569174355110,2019-09-22T17:45:55Z,9/22/2019,7:45:55 PM,360,31.1,343,24.6
1569174360134,2019-09-22T17:46:00Z,9/22/2019,7:46:00 PM,372,27.0,343,24.7
1569174365165,2019-09-22T17:46:05Z,9/22/2019,7:46:05 PM,343,24.2,344,24.8
1569174370119,2019-09-22T17:46:10Z,9/22/2019,7:46:10 PM,332,21.6,344,24.9
1569174375109,2019-09-22T17:46:15Z,9/22/2019,7:46:15 PM,351,23.5,343,24.8
1569174380153,2019-09-22T17:46:20Z,9/22/2019,7:46:20 PM,345,21.9,343,24.7
1569174385144,2019-09-22T17:46:25Z,9/22/2019,7:46:25 PM,340,23.4,343,24.6
1569174390985,2019-09-22T17:46:30Z,9/22/2019,7:46:30 PM,339,25.0,343,24.5
1569174395999,2019-09-22T17:46:35Z,9/22/2019,7:46:35 PM,331,21.1,343,24.5
1569174400141,2019-09-22T17:46:40Z,9/22/2019,7:46:40 PM,345,20.9,343,24.3
1569174405128,2019-09-22T17:46:45Z,9/22/2019,7:46:45 PM,349,24.4,343,24.3
1569174410140,2019-09-22T17:46:50Z,9/22/2019,7:46:50 PM,340,21.0,343,24.3
1569174415142,2019-09-22T17:46:55Z,9/22/2019,7:46:55 PM,343,21.9,343,24.2
1569174420235,2019-09-22T17:47:00Z,9/22/2019,7:47:00 PM,349,25.8,343,24.0
1569174425241,2019-09-22T17:47:05Z,9/22/2019,7:47:05 PM,351,18.1,343,24.0
1569174430129,2019-09-22T17:47:10Z,9/22/2019,7:47:10 PM,341,29.6,343,24.0
1569174440004,2019-09-22T17:47:20Z,9/22/2019,7:47:20 PM,345,24.6,343,24.1
1569174450993,2019-09-22T17:47:30Z,9/22/2019,7:47:30 PM,344,27.5,342,24.3
1569174455990,2019-09-22T17:47:35Z,9/22/2019,7:47:35 PM,318,22.6,342,24.2
1569174460004,2019-09-22T17:47:40Z,9/22/2019,7:47:40 PM,344,23.2,342,24.1
1569174465042,2019-09-22T17:47:45Z,9/22/2019,7:47:45 PM,349,22.0,342,24.2
1569174470131,2019-09-22T17:47:50Z,9/22/2019,7:47:50 PM,350,24.5,343,24.2
1569174475132,2019-09-22T17:47:55Z,9/22/2019,7:47:55 PM,353,22.0,343,24.2
1569174480127,2019-09-22T17:48:00Z,9/22/2019,7:48:00 PM,361,30.5,344,24.1
1569174485008,2019-09-22T17:48:05Z,9/22/2019,7:48:05 PM,361,28.0,344,24.2
1569174495026,2019-09-22T17:48:15Z,9/22/2019,7:48:15 PM,352,27.1,346,24.5
1569174500127,2019-09-22T17:48:20Z,9/22/2019,7:48:20 PM,356,22.7,346,24.6
1569174505124,2019-09-22T17:48:25Z,9/22/2019,7:48:25 PM,362,25.1,347,24.6
1569174510240,2019-09-22T17:48:30Z,9/22/2019,7:48:30 PM,366,28.4,347,24.5
1569174515010,2019-09-22T17:48:35Z,9/22/2019,7:48:35 PM,368,25.4,347,24.5
1569174520969,2019-09-22T17:48:40Z,9/22/2019,7:48:40 PM,362,26.4,348,24.5
1569174525106,2019-09-22T17:48:45Z,9/22/2019,7:48:45 PM,363,23.3,349,24.5
1569174530115,2019-09-22T17:48:50Z,9/22/2019,7:48:50 PM,353,22.2,349,24.5
1569174535142,2019-09-22T17:48:55Z,9/22/2019,7:48:55 PM,352,19.6,349,24.4
1569174540164,2019-09-22T17:49:00Z,9/22/2019,7:49:00 PM,331,16.8,349,24.4
1569174545014,2019-09-22T17:49:05Z,9/22/2019,7:49:05 PM,359,22.2,349,24.2
1569174545988,2019-09-22T17:49:05Z,9/22/2019,7:49:05 PM,344,19.7,349,24.2
1569174550047,2019-09-22T17:49:10Z,9/22/2019,7:49:10 PM,348,25.1,350,24.1
1569174560112,2019-09-22T17:49:20Z,9/22/2019,7:49:20 PM,356,20.1,351,24.1
1569174565105,2019-09-22T17:49:25Z,9/22/2019,7:49:25 PM,368,24.0,351,24.1
1569174570133,2019-09-22T17:49:30Z,9/22/2019,7:49:30 PM,356,29.1,351,24.1
1569174575997,2019-09-22T17:49:35Z,9/22/2019,7:49:35 PM,362,25.2,352,24.3
1569174580008,2019-09-22T17:49:40Z,9/22/2019,7:49:40 PM,345,22.8,352,24.4
1569174585148,2019-09-22T17:49:45Z,9/22/2019,7:49:45 PM,363,25.8,352,24.1
1569174590119,2019-09-22T17:49:50Z,9/22/2019,7:49:50 PM,355,30.8,352,24.3
1569174595119,2019-09-22T17:49:55Z,9/22/2019,7:49:55 PM,358,26.8,353,24.4
1569174600115,2019-09-22T17:50:00Z,9/22/2019,7:50:00 PM,356,22.5,353,24.6
1569174600975,2019-09-22T17:50:00Z,9/22/2019,7:50:00 PM,360,22.3,353,24.6
1569174605011,2019-09-22T17:50:05Z,9/22/2019,7:50:05 PM,365,31.1,353,24.7
1569174605999,2019-09-22T17:50:05Z,9/22/2019,7:50:05 PM,347,28.3,354,24.7
1569174610018,2019-09-22T17:50:10Z,9/22/2019,7:50:10 PM,364,29.9,354,24.7
1569174615113,2019-09-22T17:50:15Z,9/22/2019,7:50:15 PM,361,20.4,354,24.9
1569174620105,2019-09-22T17:50:20Z,9/22/2019,7:50:20 PM,355,21.6,354,24.9
1569174625208,2019-09-22T17:50:25Z,9/22/2019,7:50:25 PM,358,27.2,354,24.9
1569174630120,2019-09-22T17:50:30Z,9/22/2019,7:50:30 PM,352,26.8,355,24.9
1569174635137,2019-09-22T17:50:35Z,9/22/2019,7:50:35 PM,368,32.1,355,24.9
1569174640140,2019-09-22T17:50:40Z,9/22/2019,7:50:40 PM,367,27.2,355,24.9
1569174645119,2019-09-22T17:50:45Z,9/22/2019,7:50:45 PM,357,28.0,355,24.8
1569174650127,2019-09-22T17:50:50Z,9/22/2019,7:50:50 PM,359,31.1,355,24.7
1569174655097,2019-09-22T17:50:55Z,9/22/2019,7:50:55 PM,354,26.3,355,24.9
1569174660029,2019-09-22T17:51:00Z,9/22/2019,7:51:00 PM,345,24.0,355,24.9
1569174665013,2019-09-22T17:51:05Z,9/22/2019,7:51:05 PM,354,25.5,354,24.7
1569174670003,2019-09-22T17:51:10Z,9/22/2019,7:51:10 PM,357,20.0,354,24.7
1569174675122,2019-09-22T17:51:15Z,9/22/2019,7:51:15 PM,347,15.0,354,24.6
1569174680114,2019-09-22T17:51:20Z,9/22/2019,7:51:20 PM,332,20.3,354,24.5
1569174685132,2019-09-22T17:51:25Z,9/22/2019,7:51:25 PM,349,23.9,354,24.3
1569174690115,2019-09-22T17:51:30Z,9/22/2019,7:51:30 PM,349,23.3,354,24.2
1569174695148,2019-09-22T17:51:35Z,9/22/2019,7:51:35 PM,355,22.0,354,24.2
1569174700147,2019-09-22T17:51:40Z,9/22/2019,7:51:40 PM,352,19.8,354,24.1
1569174705121,2019-09-22T17:51:45Z,9/22/2019,7:51:45 PM,353,18.7,354,23.9
1569174710157,2019-09-22T17:51:50Z,9/22/2019,7:51:50 PM,370,22.2,354,23.7
1569174715154,2019-09-22T17:51:55Z,9/22/2019,7:51:55 PM,362,23.7,354,23.7
1569174720010,2019-09-22T17:52:00Z,9/22/2019,7:52:00 PM,350,22.2,354,23.5
1569174725013,2019-09-22T17:52:05Z,9/22/2019,7:52:05 PM,353,25.0,354,23.5
1569174730010,2019-09-22T17:52:10Z,9/22/2019,7:52:10 PM,351,25.9,354,23.7
1569174730998,2019-09-22T17:52:10Z,9/22/2019,7:52:10 PM,349,23.8,354,23.7
1569174735993,2019-09-22T17:52:15Z,9/22/2019,7:52:15 PM,348,24.5,354,23.7
1569174740003,2019-09-22T17:52:20Z,9/22/2019,7:52:20 PM,362,27.4,353,23.8
1569174745004,2019-09-22T17:52:25Z,9/22/2019,7:52:25 PM,351,28.6,353,23.7
1569174750132,2019-09-22T17:52:30Z,9/22/2019,7:52:30 PM,358,21.7,353,23.7
1569174755149,2019-09-22T17:52:35Z,9/22/2019,7:52:35 PM,359,24.4,353,23.7
1569174760129,2019-09-22T17:52:40Z,9/22/2019,7:52:40 PM,360,20.9,353,23.6
1569174765146,2019-09-22T17:52:45Z,9/22/2019,7:52:45 PM,343,21.4,353,23.5
1569174770116,2019-09-22T17:52:50Z,9/22/2019,7:52:50 PM,352,19.9,353,23.3
1569174775136,2019-09-22T17:52:55Z,9/22/2019,7:52:55 PM,354,23.1,353,23.2
1569174780015,2019-09-22T17:53:00Z,9/22/2019,7:53:00 PM,352,19.1,354,23.3
1569174785026,2019-09-22T17:53:05Z,9/22/2019,7:53:05 PM,348,24.6,354,23.4
1569174790142,2019-09-22T17:53:10Z,9/22/2019,7:53:10 PM,366,31.2,354,23.4
1569174795126,2019-09-22T17:53:15Z,9/22/2019,7:53:15 PM,363,21.6,354,23.4
1569174800986,2019-09-22T17:53:20Z,9/22/2019,7:53:20 PM,345,21.7,354,23.4
1569174805131,2019-09-22T17:53:25Z,9/22/2019,7:53:25 PM,358,25.7,354,23.5
1569174810126,2019-09-22T17:53:30Z,9/22/2019,7:53:30 PM,338,23.0,354,23.5
1569174815138,2019-09-22T17:53:35Z,9/22/2019,7:53:35 PM,356,29.7,354,23.5
1569174820126,2019-09-22T17:53:40Z,9/22/2019,7:53:40 PM,356,26.5,353,23.7
1569174825173,2019-09-22T17:53:45Z,9/22/2019,7:53:45 PM,325,23.3,353,23.7
1569174830138,2019-09-22T17:53:50Z,9/22/2019,7:53:50 PM,353,25.7,353,23.7
1569174835124,2019-09-22T17:53:55Z,9/22/2019,7:53:55 PM,358,23.0,353,23.7
1569174840005,2019-09-22T17:54:00Z,9/22/2019,7:54:00 PM,366,24.8,353,23.6
1569174845016,2019-09-22T17:54:05Z,9/22/2019,7:54:05 PM,352,25.8,353,23.6
1569174850010,2019-09-22T17:54:10Z,9/22/2019,7:54:10 PM,346,23.1,352,23.6
1569174855117,2019-09-22T17:54:15Z,9/22/2019,7:54:15 PM,337,24.4,352,23.6
1569174860124,2019-09-22T17:54:20Z,9/22/2019,7:54:20 PM,356,28.9,352,23.6
1569174865127,2019-09-22T17:54:25Z,9/22/2019,7:54:25 PM,357,20.1,352,23.6
1569174870021,2019-09-22T17:54:30Z,9/22/2019,7:54:30 PM,343,21.0,352,23.7
1569174875017,2019-09-22T17:54:35Z,9/22/2019,7:54:35 PM,347,23.8,352,23.7
1569174880018,2019-09-22T17:54:40Z,9/22/2019,7:54:40 PM,361,30.4,352,23.6
1569174885159,2019-09-22T17:54:45Z,9/22/2019,7:54:45 PM,349,23.4,352,23.8
1569174890165,2019-09-22T17:54:50Z,9/22/2019,7:54:50 PM,344,18.2,352,23.7
1569174895095,2019-09-22T17:54:55Z,9/22/2019,7:54:55 PM,347,26.6,352,23.6
1569174900149,2019-09-22T17:55:00Z,9/22/2019,7:55:00 PM,357,19.4,352,23.7
1569174905151,2019-09-22T17:55:05Z,9/22/2019,7:55:05 PM,361,24.3,352,23.7
1569174910135,2019-09-22T17:55:10Z,9/22/2019,7:55:10 PM,358,27.2,352,23.7
1569174915123,2019-09-22T17:55:15Z,9/22/2019,7:55:15 PM,360,27.7,352,23.7
1569174920152,2019-09-22T17:55:20Z,9/22/2019,7:55:20 PM,355,20.2,352,23.9
1569174925159,2019-09-22T17:55:25Z,9/22/2019,7:55:25 PM,355,23.6,352,23.8
1569174930141,2019-09-22T17:55:30Z,9/22/2019,7:55:30 PM,351,22.2,352,23.8
1569174935134,2019-09-22T17:55:35Z,9/22/2019,7:55:35 PM,360,15.7,352,23.9
1569174940086,2019-09-22T17:55:40Z,9/22/2019,7:55:40 PM,339,18.5,352,23.8
1569174945041,2019-09-22T17:55:45Z,9/22/2019,7:55:45 PM,360,22.6,352,23.6
1569174950054,2019-09-22T17:55:50Z,9/22/2019,7:55:50 PM,347,22.9,352,23.5
1569174955017,2019-09-22T17:55:55Z,9/22/2019,7:55:55 PM,361,27.7,353,23.5
1569174960066,2019-09-22T17:56:00Z,9/22/2019,7:56:00 PM,362,25.1,353,23.5
1569174965039,2019-09-22T17:56:05Z,9/22/2019,7:56:05 PM,365,25.7,353,23.5
1569174970209,2019-09-22T17:56:10Z,9/22/2019,7:56:10 PM,362,23.0,353,23.4
1569174975148,2019-09-22T17:56:15Z,9/22/2019,7:56:15 PM,361,26.3,353,23.4
1569174980202,2019-09-22T17:56:20Z,9/22/2019,7:56:20 PM,366,29.2,354,23.5
1569174985017,2019-09-22T17:56:25Z,9/22/2019,7:56:25 PM,361,28.5,354,23.6
1569174990036,2019-09-22T17:56:30Z,9/22/2019,7:56:30 PM,359,19.5,354,23.7
1569174995038,2019-09-22T17:56:35Z,9/22/2019,7:56:35 PM,346,16.8,354,23.9
1569175000152,2019-09-22T17:56:40Z,9/22/2019,7:56:40 PM,349,24.7,354,23.8
1569175005175,2019-09-22T17:56:45Z,9/22/2019,7:56:45 PM,358,26.2,354,23.7
1569175010141,2019-09-22T17:56:50Z,9/22/2019,7:56:50 PM,340,28.5,354,23.8
1569175015150,2019-09-22T17:56:55Z,9/22/2019,7:56:55 PM,344,23.2,353,23.8
1569175020185,2019-09-22T17:57:00Z,9/22/2019,7:57:00 PM,358,29.2,353,23.8
1569175025158,2019-09-22T17:57:05Z,9/22/2019,7:57:05 PM,367,31.7,353,24.0
1569175030089,2019-09-22T17:57:10Z,9/22/2019,7:57:10 PM,345,25.6,354,24.2
1569175035005,2019-09-22T17:57:15Z,9/22/2019,7:57:15 PM,357,24.3,354,24.2
1569175040202,2019-09-22T17:57:20Z,9/22/2019,7:57:20 PM,358,28.6,354,24.3
1569175045164,2019-09-22T17:57:25Z,9/22/2019,7:57:25 PM,350,29.2,354,24.5
1569175050168,2019-09-22T17:57:30Z,9/22/2019,7:57:30 PM,347,20.7,354,24.7
1569175055185,2019-09-22T17:57:35Z,9/22/2019,7:57:35 PM,349,27.5,354,24.7
1569175060039,2019-09-22T17:57:40Z,9/22/2019,7:57:40 PM,338,25.4,354,24.8
1569175065041,2019-09-22T17:57:45Z,9/22/2019,7:57:45 PM,349,22.0,354,24.8
1569175070203,2019-09-22T17:57:50Z,9/22/2019,7:57:50 PM,355,24.5,354,24.8
1569175075146,2019-09-22T17:57:55Z,9/22/2019,7:57:55 PM,361,25.9,354,24.8
1569175080185,2019-09-22T17:58:00Z,9/22/2019,7:58:00 PM,336,23.5,354,24.9
1569175085169,2019-09-22T17:58:05Z,9/22/2019,7:58:05 PM,365,26.7,354,24.9
1569175090162,2019-09-22T17:58:10Z,9/22/2019,7:58:10 PM,355,28.2,354,24.9
1569175095204,2019-09-22T17:58:15Z,9/22/2019,7:58:15 PM,356,28.1,354,25.1
1569175100090,2019-09-22T17:58:20Z,9/22/2019,7:58:20 PM,353,29.6,354,24.9
1569175105076,2019-09-22T17:58:25Z,9/22/2019,7:58:25 PM,355,26.8,354,25.1
1569175110046,2019-09-22T17:58:30Z,9/22/2019,7:58:30 PM,369,21.4,354,25.2
1569175115167,2019-09-22T17:58:35Z,9/22/2019,7:58:35 PM,359,25.5,354,25.1
1569175120148,2019-09-22T17:58:40Z,9/22/2019,7:58:40 PM,344,23.2,354,25.2
1569175125164,2019-09-22T17:58:45Z,9/22/2019,7:58:45 PM,363,30.1,354,25.1
1569175130039,2019-09-22T17:58:50Z,9/22/2019,7:58:50 PM,351,22.9,354,25.1
1569175135024,2019-09-22T17:58:55Z,9/22/2019,7:58:55 PM,347,19.6,354,25.0
1569175140013,2019-09-22T17:59:00Z,9/22/2019,7:59:00 PM,352,23.1,354,25.0
1569175145140,2019-09-22T17:59:05Z,9/22/2019,7:59:05 PM,371,17.4,354,24.9
1569175150125,2019-09-22T17:59:10Z,9/22/2019,7:59:10 PM,359,28.9,354,24.8
1569175155278,2019-09-22T17:59:15Z,9/22/2019,7:59:15 PM,356,25.3,355,24.8
1569175160329,2019-09-22T17:59:20Z,9/22/2019,7:59:20 PM,354,18.4,355,24.8
1569175165310,2019-09-22T17:59:25Z,9/22/2019,7:59:25 PM,362,22.3,355,24.8
1569175170222,2019-09-22T17:59:30Z,9/22/2019,7:59:30 PM,358,29.2,355,24.9
1569175175250,2019-09-22T17:59:35Z,9/22/2019,7:59:35 PM,359,20.9,355,24.8
1569175180302,2019-09-22T17:59:40Z,9/22/2019,7:59:40 PM,340,18.2,355,24.8
1569175185301,2019-09-22T17:59:45Z,9/22/2019,7:59:45 PM,361,24.4,355,24.6
1569175190335,2019-09-22T17:59:50Z,9/22/2019,7:59:50 PM,357,29.0,354,24.4
1569175195317,2019-09-22T17:59:55Z,9/22/2019,7:59:55 PM,344,23.9,354,24.5
1569175200343,2019-09-22T18:00:00Z,9/22/2019,8:00:00 PM,349,20.6,354,24.4
1569175205296,2019-09-22T18:00:05Z,9/22/2019,8:00:05 PM,352,22.2,354,24.3
1569175210257,2019-09-22T18:00:10Z,9/22/2019,8:00:10 PM,350,23.6,354,24.3
1569175215315,2019-09-22T18:00:15Z,9/22/2019,8:00:15 PM,369,30.7,354,24.1
1569175220289,2019-09-22T18:00:20Z,9/22/2019,8:00:20 PM,362,22.7,353,24.1
1569175225291,2019-09-22T18:00:25Z,9/22/2019,8:00:25 PM,351,24.0,353,24.1
1569175230308,2019-09-22T18:00:30Z,9/22/2019,8:00:30 PM,368,25.9,353,24.0
1569175235317,2019-09-22T18:00:35Z,9/22/2019,8:00:35 PM,362,19.3,353,23.9
1569175240362,2019-09-22T18:00:40Z,9/22/2019,8:00:40 PM,355,17.4,353,23.7
1569175245326,2019-09-22T18:00:45Z,9/22/2019,8:00:45 PM,350,18.9,353,23.5
1569175250297,2019-09-22T18:00:50Z,9/22/2019,8:00:50 PM,355,19.6,353,23.4
1569175255287,2019-09-22T18:00:55Z,9/22/2019,8:00:55 PM,361,23.1,353,23.3
1569175260340,2019-09-22T18:01:00Z,9/22/2019,8:01:00 PM,361,20.1,353,23.3
